{"model": "baseline", "mae": 0.3482098765432099, "rmse": 0.45328245406697926}