{"model": "prophet", "mae": 0.30353616766715263, "rmse": 0.38801971493526216}