{"model": "xgboost", "mae": 0.0622871839529545, "rmse": 0.09414117723197864}